<?xml version="1.0" encoding="UTF-8" standalone="yes"?>
<addon id="script.module.debugpy"
       name="debugpy"
       version="1.8.1"
       provider-name="Psychosaurian, Microsoft">
  <requires>
    <import addon="xbmc.python" version="3.0.0"/>
  </requires>
  <extension point="xbmc.python.module" library="microsoft" />
  <extension point="xbmc.addon.metadata">
    <summary lang="en">Kodi remote debugging support for Visual Studio Code.</summary>
    <description lang="en">Kodi wrapper for the Visual Studio/Visual Studio Code debugpy library by Microsoft. Kodi wrapper by Psychosaurian.[CR][CR]The version number of this addon matches the version of debugpy included. See usage instructions in addon directory or at:[CR][CR]https://github.com/Psychosaurian/script.module.debugpy</description>
    <disclaimer lang="en">debugpy is the work of Microsoft. Phychosaurian is responsible solely for packaging it for Kodi.[CR][CR]Psychosaurian makes no warranty that...[CR][CR]- this software will meet your requirements[CR]- this software will work as described and be error-free[CR]- the quality of this software will meet your expectations[CR]- any errors in this software or documentation will be corrected[CR][CR]This software or documentation...[CR][CR]- Could include technical or other mistakes, inaccuracies or typographical errors. Psychosaurian may make changes to this software or documentation without notice.[CR]- May be out of date and Psychosaurian makes no commitment to update these materials.[CR][CR]Psychosaurian assumes no responsibility for errors or ommissions in this software or documentation.[CR][CR]In no event shall Psychosaurian be liable to you or any third parties for any special, punitive, incidental, indirect or consequential damages of any kind, or any damages whatsoever, including, without limitation, those resulting from loss of use, data, or profits, whether or not Psychosaurian has been advised of the possibility of such damages, and on any theory of liability, arising out of or in connection with the use of this software.[CR][CR]The use of this software is done at your own discretion and risk and with agreement that you will be solely responsible for any damage to your computer systems or electronic devices and any loss of data that results from such activities. No advice or information, whether oral or written, obtained by you from Psychosaurian shall create any warranty for the software.
</disclaimer>
	<platform>windows osx</platform>
    <license>Eclipse Public License 1.0 (EPL-1.0 license)</license>
    <website>https://github.com/Psychosaurian/script.module.debugpy</website>
    <assets>
      <icon>icon.png</icon>
    </assets>
  </extension>
</addon>